sku,options
FOM-197,"
                Midsize (Discontinued)
              ,
                Full size (Discontinued)
              "
LSB-7300-BK-4XL,"
                Small (Out of Stock)
              ,
                Medium/Large (Out of Stock)
              ,
                X Large (Out of Stock)
              ,
                2X Large (Out of Stock)
              ,
                3X Large (Out of Stock)
              ,
                4X Large
              "
LSB-75007,"
                X Small
              ,
                Small
              ,
                Medium/Large
              ,
                X Large
              ,
                2X Large
              ,
                3X Large
              ,
                4X Large (Allow 5-7 Days)
              "
LSB-75006,"
                X Small
              ,
                Small
              ,
                Medium/Large
              ,
                X Large
              ,
                2X Large
              ,
                3X Large
              ,
                4X Large (Allow 5-7 Days)
              "
LSB-79006,"
                Small
              ,
                Medium/Large
              ,
                X Large
              ,
                2X Large
              ,
                3X Large
              ,
                4X Large (Allow 5-7 Days)
              "
LSB-7900-4XL,"
                Small
              ,
                Medium/Large
              ,
                X Large
              ,
                2X Large
              ,
                3X Large
              ,
                4X Large (Allow 5-7 Days)
              "
OMN-3118,"
                Black (Discontinued)
              ,
                Blue (Discontinued)
              ,
                Red (Discontinued)
              ,
                Green (Discontinued)
              ,
                Purple (Discontinued)
              "
LSB-79007,"
                Small
              ,
                Medium/Large
              ,
                X Large
              ,
                2X Large
              ,
                3X Large
              ,
                4X Large (Allow 5-7 Days)
              "
OMN-3118,"
                Black (Discontinued)
              ,
                Blue (Discontinued)
              ,
                Red (Discontinued)
              ,
                Green (Discontinued)
              ,
                Purple (Discontinued)
              "
OMN-3118,"
                Black (Discontinued)
              ,
                Blue (Discontinued)
              ,
                Red (Discontinued)
              ,
                Green (Discontinued)
              ,
                Purple (Discontinued)
              "
OMN-3118,"
                Black (Discontinued)
              ,
                Blue (Discontinued)
              ,
                Red (Discontinued)
              ,
                Green (Discontinued)
              ,
                Purple (Discontinued)
              "
OMN-3118,"
                Black (Discontinued)
              ,
                Blue (Discontinued)
              ,
                Red (Discontinued)
              ,
                Green (Discontinued)
              ,
                Purple (Discontinued)
              "
PRO-956-3XL,"
                X Small
              ,
                Small
              ,
                Medium
              ,
                Large
              ,
                X Large
              ,
                2X Large
              ,
                3X Large
              "
OMN-3131,"
                Small
              ,
                Large (Discontinued)
              "
SIB-60006,"
                Small
              ,
                Medium/Large
              ,
                X Large
              ,
                2X Large
              ,
                3X Large
              "
SIB-60007,"
                Small
              ,
                Medium/Large
              ,
                X Large
              ,
                2X Large
              ,
                3X Large
              "
SIB-6031-4XL,"
                Small
              ,
                Medium
              ,
                Large
              ,
                X Large
              ,
                2X Large
              ,
                3X Large
              ,
                4X Large (Allow 3-5 Days)
              "
AKL-6376,"
                Small/Medium (Discontinued)
              ,
                Large/X Large (Discontinued)
              "
BRE-6339,"
                Small/Medium (Discontinued)
              ,
                Large/X Large (Discontinued)
              "
BRE-6339,"
                Small/Medium (Discontinued)
              ,
                Large/X Large (Discontinued)
              "
BRE-6521,"
                Small (Discontinued)
              ,
                Medium (Discontinued)
              ,
                Large (Discontinued)
              ,
                X Large (Discontinued)
              "
BRE-6521,"
                Small (Discontinued)
              ,
                Medium (Discontinued)
              ,
                Large (Discontinued)
              ,
                X Large (Discontinued)
              "
BRE-6854,"
                Left
              ,
                Right
              "
BRE-6854,"
                Left
              ,
                Right
              "
BRE-6854,"
                Left
              ,
                Right
              "
BRE-6854,"
                Left
              ,
                Right
              "
BRE-6854,"
                Left
              ,
                Right
              "
BRE-6854,"
                Left
              ,
                Right
              "
KNE-6401-4XL,"
                Small
              ,
                Medium
              ,
                Large
              ,
                X Large
              ,
                2X Large
              ,
                3X Large
              ,
                4X Large (Allow 3-5 Days)
              "
BAK-470-AVG,"
                Petite (Discontinued)
              ,
                Average (Discontinued)
              ,
                Tall (Discontinued)
              "
BAK-470-PET,"
                Petite (Discontinued)
              ,
                Average (Discontinued)
              ,
                Tall (Discontinued)
              "
BAK-472-PET,"
                Petite (Discontinued)
              ,
                Average (Discontinued)
              ,
                Tall (Discontinued)
              "
BAK-472-AVG,"
                Petite (Discontinued)
              ,
                Average (Discontinued)
              ,
                Tall (Discontinued)
              "
BAK-472-TAL,"
                Petite (Discontinued)
              ,
                Average (Discontinued)
              ,
                Tall (Discontinued)
              "
ACC-554*,"
                Small - 3 x 5 inch
              ,
                Medium - 6 x 10 inch
              ,
                Large - 10 x 13 inch
              ,
                XLarge- 12.5 x 18.5 inch
              ,
                Cervical - 6 x 20 inch
              ,
                Tri-Sectional - 11 x 15 inch
              ,
                Medium - 6 x 10 inch (2 Pack)
              ,
                Large - 10 x 13 inch (2 Pack)
              "
ABD-6109,"
                9""
              ,
                12""
              "
ABD-6112,"
                9""
              ,
                12""
              "
ABD-6112,"
                9""
              ,
                12""
              "
ACC-552*,"
                Small - 3 x 5 inch
              ,
                Medium - 6 x 10 inch
              ,
                Large - 10 x 13 inch
              ,
                XLarge- 12.5 x 18.5 inch
              ,
                Cervical - 6 x 20 inch
              ,
                Tri-Sectional - 11 x 15 inch
              ,
                Medium - 6 x 10 inch (2 Pack)
              ,
                Large - 10 x 13 inch (2 Pack)
              "
ACC-551*,"
                Small - 3 x 5 inch
              ,
                Medium - 6 x 10 inch
              ,
                Large - 10 x 13 inch
              ,
                XLarge- 12.5 x 18.5 inch
              ,
                Cervical - 6 x 20 inch
              ,
                Tri-Sectional - 11 x 15 inch
              ,
                Medium - 6 x 10 inch (2 Pack)
              ,
                Large - 10 x 13 inch (2 Pack)
              "
ACC-500,"
                10x12 inches
              ,
                6x24 inches
              ,
                24x15 inches
              ,
                10x18 inches
              ,
                5x12 inches
              "
ACC-522,"
                Small - 5""x12""
              ,
                Cervical - 5""x25""
              ,
                Large - 11""x14""
              "
ACC-521,"
                Small - 5""x12""
              ,
                Cervical - 5""x25""
              ,
                Large - 11""x14""
              "
ACC-547*,"
                6x10 inches
              ,
                6x20 inches
              "
ACC-575-BK,"
                Small
              ,
                Medium
              ,
                Large
              "
ACC-548*,"
                6x10 inches
              ,
                6x20 inches
              "
ACC-575-BK,"
                Small
              ,
                Medium
              ,
                Large
              "
ACC-580-BK,"
                2.5 x 18 in
              ,
                2.5 x 48 in
              ,
                4 x 48 in
              ,
                6 x 84 in (Discontinued)
              "
ACC-575-BK,"
                Small
              ,
                Medium
              ,
                Large
              "
ACC-585-BK,"
                2.5 x 18 in
              ,
                2.5 x 48 in
              ,
                4 x 48 in
              ,
                6 x 84 in (Discontinued)
              "
ACC-843,"
                4""
              "
ACC-855,"
                19x27 inches
              ,
                25x16 inches
              ,
                24x36 Inches
              "
ACC-853,"
                19x27 inches
              ,
                25x16 inches
              ,
                24x36 Inches
              "
AKL-6355,"
                X Small/Small (Ankle 8""-12"")
              ,
                Fits Most (Ankle 12""-15"")
              ,
                Replacement Clips (Pack of 8)
              ,
                Replacement Tensioner
              "
ACC-857,"
                19x27 inches
              ,
                25x16 inches
              ,
                24x36 Inches
              "
AKL-6355,"
                X Small/Small (Ankle 8""-12"")
              ,
                Fits Most (Ankle 12""-15"")
              ,
                Replacement Clips (Pack of 8)
              ,
                Replacement Tensioner
              "
ARM-6191,"
                Adult
              ,
                Youth
              "
ARM-6190,"
                Adult
              ,
                Youth
              "
BAK-400,"
                Black
              ,
                Blue
              "
BAK-400,"
                Black
              ,
                Blue
              "
BAK-404,"
                Black
              ,
                Blue (Discontinued)
              "
BAK-410,"
                Black
              ,
                Blue
              "
BAK-405,"
                Black
              ,
                Blue (Discontinued)
              "
BAK-410,"
                Black
              ,
                Blue
              "
BAK-411,"
                Black
              ,
                Blue (Discontinued)
              "
BAK-411,"
                Black
              ,
                Blue (Discontinued)
              "
BAK-440,"
                Black
              ,
                Blue (Discontinued)
              "
BBH-6903,"
                Small
              ,
                Medium/Large
              ,
                X Large
              "
BBH-6903,"
                Small
              ,
                Medium/Large
              ,
                X Large
              "
BBH-6903,"
                Small
              ,
                Medium/Large
              ,
                X Large
              "
BBH-6906,"
                Small
              ,
                Medium
              ,
                Large
              ,
                X Large
              "
BBH-6906,"
                Small
              ,
                Medium
              ,
                Large
              ,
                X Large
              "
BBH-6906,"
                Small
              ,
                Medium
              ,
                Large
              ,
                X Large
              "
CLR-6218,"
                2 inch
              ,
                2.5 inch
              ,
                3 inch
              ,
                3.5 inch
              "
BBH-6906,"
                Small
              ,
                Medium
              ,
                Large
              ,
                X Large
              "
CLR-6220,"
                2 inch
              ,
                2.5 inch
              ,
                3 inch
              ,
                3.5 inch
              "
CLR-6219,"
                2 inch
              ,
                2.5 inch
              ,
                3 inch
              ,
                3.5 inch
              "
CLR-6221,"
                2 inch
              ,
                2.5 inch
              ,
                3 inch
              ,
                3.5 inch
              "
CLR-6260,"
                2 inch
              ,
                2.5 inch
              ,
                3 inch
              ,
                3.5 inch
              "
CLR-6259,"
                2 inch
              ,
                2.5 inch
              ,
                3 inch
              ,
                3.5 inch
              "
CLR-6261,"
                2 inch
              ,
                2.5 inch
              ,
                3 inch
              ,
                3.5 inch
              "
FIB-200,"
                Full Size
              ,
                Mid-size
              ,
                Petite Size
              "
CLR-6262,"
                2 inch
              ,
                2.5 inch
              ,
                3 inch
              ,
                3.5 inch
              "
FIB-219,"
                Full Size
              ,
                Mid-size
              ,
                Petite Size
              "
FIB-221,"
                Full Size
              ,
                Mid-size
              ,
                Petite Size
              "
FIB-220,"
                Full Size
              ,
                Mid-size
              ,
                Petite Size
              "
FIB-222,"
                Full Size
              ,
                Mid-size
              ,
                Petite Size
              "
FIB-260,"
                Standard
              ,
                Gentle
              "
FIB-241,"
                Full size
              ,
                Mid-size
              "
FIB-265,"
                5 inch
              ,
                6 inch
              "
FIB-8220,"
                Standard (Firm)
              ,
                Gentle (Medium Firm)
              "
FIB-8221,"
                Standard (Firm)
              ,
                Gentle (Medium Firm)
              "
FOM-160,"
                Firm
              ,
                Gentle
              "
LSB-6062,"
                Small
              ,
                Medium
              ,
                Large
              ,
                X Large
              ,
                2X Large
              ,
                3X Large
              ,
                4X Large (Allow 5-7 Days)
              "
LSB-6060,"
                Small
              ,
                Medium
              ,
                Large
              ,
                X Large
              ,
                2X Large
              ,
                3X Large
              ,
                4X Large (Allow 5-7 Days)
              "
LSB-6062,"
                Small
              ,
                Medium
              ,
                Large
              ,
                X Large
              ,
                2X Large
              ,
                3X Large
              ,
                4X Large (Allow 5-7 Days)
              "
LSB-6062,"
                Small
              ,
                Medium
              ,
                Large
              ,
                X Large
              ,
                2X Large
              ,
                3X Large
              ,
                4X Large (Allow 5-7 Days)
              "
LSB-6062,"
                Small
              ,
                Medium
              ,
                Large
              ,
                X Large
              ,
                2X Large
              ,
                3X Large
              ,
                4X Large (Allow 5-7 Days)
              "
LSB-6064,"
                Small
              ,
                Medium
              ,
                Large
              ,
                X Large
              ,
                2X Large
              ,
                3X Large
              "
LSB-6060,"
                Small
              ,
                Medium
              ,
                Large
              ,
                X Large
              ,
                2X Large
              ,
                3X Large
              ,
                4X Large (Allow 5-7 Days)
              "
LSB-6064,"
                Small
              ,
                Medium
              ,
                Large
              ,
                X Large
              ,
                2X Large
              ,
                3X Large
              "
LSB-6065,"
                Small
              ,
                Medium
              ,
                Large
              ,
                X Large
              ,
                2X Large
              ,
                3X Large
              "
LSB-6064,"
                Small
              ,
                Medium
              ,
                Large
              ,
                X Large
              ,
                2X Large
              ,
                3X Large
              "
LSB-6065,"
                Small
              ,
                Medium
              ,
                Large
              ,
                X Large
              ,
                2X Large
              ,
                3X Large
              "
LSB-6065,"
                Small
              ,
                Medium
              ,
                Large
              ,
                X Large
              ,
                2X Large
              ,
                3X Large
              "
LSB-6065,"
                Small
              ,
                Medium
              ,
                Large
              ,
                X Large
              ,
                2X Large
              ,
                3X Large
              "
LSB-6090,"
                Small
              ,
                Medium
              ,
                Large
              ,
                X Large
              ,
                2X Large
              "
LSB-6090,"
                Small
              ,
                Medium
              ,
                Large
              ,
                X Large
              ,
                2X Large
              "
LSB-6090,"
                Small
              ,
                Medium
              ,
                Large
              ,
                X Large
              ,
                2X Large
              "
LSB-6143,"
                Small/Medium
              ,
                Large/X Large
              "
LSB-6090,"
                Small
              ,
                Medium
              ,
                Large
              ,
                X Large
              ,
                2X Large
              "
LSB-6143,"
                Small/Medium
              ,
                Large/X Large
              "
LSB-7000,"
                X Small
              ,
                Small
              ,
                Medium/Large
              ,
                X Large
              ,
                2X Large
              ,
                3X Large
              ,
                4X Large (Allow 5-7 Days)
              "
LSB-7000,"
                X Small
              ,
                Small
              ,
                Medium/Large
              ,
                X Large
              ,
                2X Large
              ,
                3X Large
              ,
                4X Large (Allow 5-7 Days)
              "
LSB-7000,"
                X Small
              ,
                Small
              ,
                Medium/Large
              ,
                X Large
              ,
                2X Large
              ,
                3X Large
              ,
                4X Large (Allow 5-7 Days)
              "
LSB-7300,"
                Small (Out of Stock)
              ,
                Medium/Large (Out of Stock)
              ,
                X Large (Out of Stock)
              ,
                2X Large (Out of Stock)
              ,
                3X Large (Out of Stock)
              ,
                4X Large
              "
LSB-7000,"
                X Small
              ,
                Small
              ,
                Medium/Large
              ,
                X Large
              ,
                2X Large
              ,
                3X Large
              ,
                4X Large (Allow 5-7 Days)
              "
LSB-7300,"
                Small (Out of Stock)
              ,
                Medium/Large (Out of Stock)
              ,
                X Large (Out of Stock)
              ,
                2X Large (Out of Stock)
              ,
                3X Large (Out of Stock)
              ,
                4X Large
              "
LSB-7500,"
                X Small
              ,
                Small
              ,
                Medium/Large
              ,
                X Large
              ,
                2X Large
              ,
                3X Large
              ,
                4X Large (Allow 5-7 Days)
              "
LSB-7500,"
                X Small
              ,
                Small
              ,
                Medium/Large
              ,
                X Large
              ,
                2X Large
              ,
                3X Large
              ,
                4X Large (Allow 5-7 Days)
              "
LSB-7900,"
                Small
              ,
                Medium/Large
              ,
                X Large
              ,
                2X Large
              ,
                3X Large
              ,
                4X Large (Allow 5-7 Days)
              "
LSB-7900,"
                Small
              ,
                Medium/Large
              ,
                X Large
              ,
                2X Large
              ,
                3X Large
              ,
                4X Large (Allow 5-7 Days)
              "
LSB-7900,"
                Small
              ,
                Medium/Large
              ,
                X Large
              ,
                2X Large
              ,
                3X Large
              ,
                4X Large (Allow 5-7 Days)
              "
LTC-5601,"
                White
              ,
                Black
              "
LTC-5601,"
                White
              ,
                Black
              "
OMN-3112,"
                Blue
              ,
                Green
              ,
                Purple
              ,
                Red (Discontinued)
              ,
                Black (Discontinued)
              "
NEL-1921,"
                XSmall 24"" - 30""
              ,
                Small/Medium 30"" - 45""
              ,
                Large/XLarge 46"" - 60""
              ,
                S/M 30"" - 45"" (2 Pack)
              "
OMN-3112,"
                Blue
              ,
                Green
              ,
                Purple
              ,
                Red (Discontinued)
              ,
                Black (Discontinued)
              "
OMN-3112,"
                Blue
              ,
                Green
              ,
                Purple
              ,
                Red (Discontinued)
              ,
                Black (Discontinued)
              "
OMN-3112,"
                Blue
              ,
                Green
              ,
                Purple
              ,
                Red (Discontinued)
              ,
                Black (Discontinued)
              "
OMN-3112,"
                Blue
              ,
                Green
              ,
                Purple
              ,
                Red (Discontinued)
              ,
                Black (Discontinued)
              "
OMN-3116,"
                Black
              ,
                Blue
              ,
                Green
              ,
                Purple
              ,
                Red (Discontinued)
              "
OMN-3116,"
                Black
              ,
                Blue
              ,
                Green
              ,
                Purple
              ,
                Red (Discontinued)
              "
OMN-3116,"
                Black
              ,
                Blue
              ,
                Green
              ,
                Purple
              ,
                Red (Discontinued)
              "
OMN-3116,"
                Black
              ,
                Blue
              ,
                Green
              ,
                Purple
              ,
                Red (Discontinued)
              "
OMN-3116,"
                Black
              ,
                Blue
              ,
                Green
              ,
                Purple
              ,
                Red (Discontinued)
              "
OMN-3130,"
                Small
              ,
                Large (Discontinued)
              "
PRO-900,"
                Black
              ,
                Gray
              ,
                Blue
              "
PRO-900,"
                Black
              ,
                Gray
              ,
                Blue
              "
PRO-900,"
                Black
              ,
                Gray
              ,
                Blue
              "
PRO-905,"
                Black
              ,
                Gray
              ,
                Blue
              "
PRO-901,"
                Black
              ,
                Blue (Discontinued)
              ,
                Gray (Discontinued)
              "
PRO-901,"
                Black
              ,
                Blue (Discontinued)
              ,
                Gray (Discontinued)
              "
PRO-904,"
                Black
              ,
                Gray (Discontinued)
              ,
                Blue (Discontinued)
              "
PRO-904,"
                Black
              ,
                Gray (Discontinued)
              ,
                Blue (Discontinued)
              "
PRO-904,"
                Black
              ,
                Gray (Discontinued)
              ,
                Blue (Discontinued)
              "
PRO-953,"
                Small
              ,
                Medium
              ,
                Large
              ,
                X Large
              ,
                2X Large
              ,
                3X Large
              ,
                4X Large (Allow 3-5 Days)
              "
PRO-953,"
                Small
              ,
                Medium
              ,
                Large
              ,
                X Large
              ,
                2X Large
              ,
                3X Large
              ,
                4X Large (Allow 3-5 Days)
              "
PRO-953,"
                Small
              ,
                Medium
              ,
                Large
              ,
                X Large
              ,
                2X Large
              ,
                3X Large
              ,
                4X Large (Allow 3-5 Days)
              "
PRO-956,"
                X Small
              ,
                Small
              ,
                Medium
              ,
                Large
              ,
                X Large
              ,
                2X Large
              ,
                3X Large
              "
PRO-956,"
                X Small
              ,
                Small
              ,
                Medium
              ,
                Large
              ,
                X Large
              ,
                2X Large
              ,
                3X Large
              "
PRO-986,"
                Small
              ,
                X Large
              ,
                Large
              ,
                Medium
              "
PRO-986,"
                Small
              ,
                X Large
              ,
                Large
              ,
                Medium
              "
PRO-986,"
                Small
              ,
                X Large
              ,
                Large
              ,
                Medium
              "
PRO-991,"
                Traction Table Belt-Style Harness
              ,
                Extender Panel (Coming Soon)
              "
PRO-986,"
                Small
              ,
                X Large
              ,
                Large
              ,
                Medium
              "
PRO-998,"
                Cervical Traction System
              ,
                Ballistic Nylon Weight Bag
              ,
                Traction Harness for Traction Kit
              "
RIB-6106,"
                Small/Medium
              ,
                Large/XLarge
              "
RIB-6106,"
                Small/Medium
              ,
                Large/XLarge
              "
RIB-6107,"
                Small/Medium
              ,
                Large/X Large
              "
RIB-6107,"
                Small/Medium
              ,
                Large/X Large
              "
ROL-312,"
                5"" Blue
              ,
                3.75"" Black
              "
ROL-314,"
                5"" Blue
              ,
                3.75"" Black
              "
ROL-327,"
                Soft
              ,
                Firm
              "
SIB-6000,"
                Small
              ,
                Medium/Large
              ,
                X Large
              ,
                2X Large
              ,
                3X Large
              "
SIB-6024,"
                Small
              ,
                Medium
              ,
                Large
              ,
                X Large
              ,
                2X Large
              ,
                4X Large
              "
SIB-6024,"
                Small
              ,
                Medium
              ,
                Large
              ,
                X Large
              ,
                2X Large
              ,
                4X Large
              "
SIB-6024,"
                Small
              ,
                Medium
              ,
                Large
              ,
                X Large
              ,
                2X Large
              ,
                4X Large
              "
SIB-6024,"
                Small
              ,
                Medium
              ,
                Large
              ,
                X Large
              ,
                2X Large
              ,
                4X Large
              "
SIB-6031,"
                Small
              ,
                Medium
              ,
                Large
              ,
                X Large
              ,
                2X Large
              ,
                3X Large
              ,
                4X Large (Allow 3-5 Days)
              "
SIB-6031,"
                Small
              ,
                Medium
              ,
                Large
              ,
                X Large
              ,
                2X Large
              ,
                3X Large
              ,
                4X Large (Allow 3-5 Days)
              "
SIB-6031,"
                Small
              ,
                Medium
              ,
                Large
              ,
                X Large
              ,
                2X Large
              ,
                3X Large
              ,
                4X Large (Allow 3-5 Days)
              "
SIB-6031,"
                Small
              ,
                Medium
              ,
                Large
              ,
                X Large
              ,
                2X Large
              ,
                3X Large
              ,
                4X Large (Allow 3-5 Days)
              "
SUB-6701,"
                Small
              ,
                Medium
              ,
                Large
              ,
                X Large
              ,
                2X Large
              ,
                3X Large
              "
SUB-6701,"
                Small
              ,
                Medium
              ,
                Large
              ,
                X Large
              ,
                2X Large
              ,
                3X Large
              "
SUB-6701,"
                Small
              ,
                Medium
              ,
                Large
              ,
                X Large
              ,
                2X Large
              ,
                3X Large
              "
THM-2511,"
                With Thermal Core Packs
              ,
                Heating Unit Only
              "
TRC-4996,"
                Standard
              ,
                Gentle
              "
UTL-1101,"
                Standard
              ,
                Petite
              "
UTL-1100,"
                Standard
              ,
                Petite
              "
AKL-6322,"
                Small
              ,
                Medium
              ,
                Large
              ,
                X Large
              "
AKL-6322,"
                Small
              ,
                Medium
              ,
                Large
              ,
                X Large
              "
AKL-6322,"
                Small
              ,
                Medium
              ,
                Large
              ,
                X Large
              "
AKL-6322,"
                Small
              ,
                Medium
              ,
                Large
              ,
                X Large
              "
AKL-6323,"
                Small/Medium
              ,
                Large/X Large
              "
AKL-6323,"
                Small/Medium
              ,
                Large/X Large
              "
AKL-6330,"
                XX Small
              ,
                X Small
              ,
                Small
              ,
                Medium
              ,
                Large
              ,
                X Large
              ,
                2X Large
              "
AKL-6330,"
                XX Small
              ,
                X Small
              ,
                Small
              ,
                Medium
              ,
                Large
              ,
                X Large
              ,
                2X Large
              "
AKL-6330,"
                XX Small
              ,
                X Small
              ,
                Small
              ,
                Medium
              ,
                Large
              ,
                X Large
              ,
                2X Large
              "
AKL-6331,"
                2X Small
              ,
                X Small
              ,
                Small
              ,
                Medium
              ,
                Large
              ,
                X Large
              ,
                2X Large
              "
AKL-6330,"
                XX Small
              ,
                X Small
              ,
                Small
              ,
                Medium
              ,
                Large
              ,
                X Large
              ,
                2X Large
              "
AKL-6331,"
                2X Small
              ,
                X Small
              ,
                Small
              ,
                Medium
              ,
                Large
              ,
                X Large
              ,
                2X Large
              "
AKL-6331,"
                2X Small
              ,
                X Small
              ,
                Small
              ,
                Medium
              ,
                Large
              ,
                X Large
              ,
                2X Large
              "
AKL-6331,"
                2X Small
              ,
                X Small
              ,
                Small
              ,
                Medium
              ,
                Large
              ,
                X Large
              ,
                2X Large
              "
AKL-6331,"
                2X Small
              ,
                X Small
              ,
                Small
              ,
                Medium
              ,
                Large
              ,
                X Large
              ,
                2X Large
              "
AKL-6331,"
                2X Small
              ,
                X Small
              ,
                Small
              ,
                Medium
              ,
                Large
              ,
                X Large
              ,
                2X Large
              "
AKL-6331,"
                2X Small
              ,
                X Small
              ,
                Small
              ,
                Medium
              ,
                Large
              ,
                X Large
              ,
                2X Large
              "
AKL-6331,"
                2X Small
              ,
                X Small
              ,
                Small
              ,
                Medium
              ,
                Large
              ,
                X Large
              ,
                2X Large
              "
AKL-6331,"
                2X Small
              ,
                X Small
              ,
                Small
              ,
                Medium
              ,
                Large
              ,
                X Large
              ,
                2X Large
              "
AKL-6331,"
                2X Small
              ,
                X Small
              ,
                Small
              ,
                Medium
              ,
                Large
              ,
                X Large
              ,
                2X Large
              "
AKL-6331,"
                2X Small
              ,
                X Small
              ,
                Small
              ,
                Medium
              ,
                Large
              ,
                X Large
              ,
                2X Large
              "
AKL-6332,"
                Small
              ,
                Medium
              ,
                Large
              ,
                X Large
              "
AKL-6331,"
                2X Small
              ,
                X Small
              ,
                Small
              ,
                Medium
              ,
                Large
              ,
                X Large
              ,
                2X Large
              "
AKL-6332,"
                Small
              ,
                Medium
              ,
                Large
              ,
                X Large
              "
AKL-6332,"
                Small
              ,
                Medium
              ,
                Large
              ,
                X Large
              "
AKL-6332,"
                Small
              ,
                Medium
              ,
                Large
              ,
                X Large
              "
AKL-6332,"
                Small
              ,
                Medium
              ,
                Large
              ,
                X Large
              "
AKL-6332,"
                Small
              ,
                Medium
              ,
                Large
              ,
                X Large
              "
AKL-6333,"
                X Small
              ,
                Small
              ,
                Medium
              ,
                Large
              ,
                X Large
              "
AKL-6333,"
                X Small
              ,
                Small
              ,
                Medium
              ,
                Large
              ,
                X Large
              "
AKL-6333,"
                X Small
              ,
                Small
              ,
                Medium
              ,
                Large
              ,
                X Large
              "
AKL-6333,"
                X Small
              ,
                Small
              ,
                Medium
              ,
                Large
              ,
                X Large
              "
AKL-6334,"
                X Small
              ,
                Small
              ,
                Medium
              ,
                Large
              ,
                X Large
              ,
                2X Large
              "
AKL-6334,"
                X Small
              ,
                Small
              ,
                Medium
              ,
                Large
              ,
                X Large
              ,
                2X Large
              "
AKL-6334,"
                X Small
              ,
                Small
              ,
                Medium
              ,
                Large
              ,
                X Large
              ,
                2X Large
              "
AKL-6334,"
                X Small
              ,
                Small
              ,
                Medium
              ,
                Large
              ,
                X Large
              ,
                2X Large
              "
AKL-6334,"
                X Small
              ,
                Small
              ,
                Medium
              ,
                Large
              ,
                X Large
              ,
                2X Large
              "
AKL-6334,"
                X Small
              ,
                Small
              ,
                Medium
              ,
                Large
              ,
                X Large
              ,
                2X Large
              "
AKL-6335,"
                X Small
              ,
                Small
              ,
                Medium
              ,
                Large
              ,
                X Large
              "
AKL-6335,"
                X Small
              ,
                Small
              ,
                Medium
              ,
                Large
              ,
                X Large
              "
AKL-6335,"
                X Small
              ,
                Small
              ,
                Medium
              ,
                Large
              ,
                X Large
              "
AKL-6335,"
                X Small
              ,
                Small
              ,
                Medium
              ,
                Large
              ,
                X Large
              "
AKL-6335,"
                X Small
              ,
                Small
              ,
                Medium
              ,
                Large
              ,
                X Large
              "
AKL-6337,"
                X Small
              ,
                Small
              ,
                Medium
              ,
                Large
              ,
                X Large
              "
AKL-6337,"
                X Small
              ,
                Small
              ,
                Medium
              ,
                Large
              ,
                X Large
              "
AKL-6337,"
                X Small
              ,
                Small
              ,
                Medium
              ,
                Large
              ,
                X Large
              "
AKL-6337,"
                X Small
              ,
                Small
              ,
                Medium
              ,
                Large
              ,
                X Large
              "
AKL-6371,"
                Small
              ,
                Medium
              ,
                Large
              "
AKL-6371,"
                Small
              ,
                Medium
              ,
                Large
              "
AKL-6374,"
                Medium
              ,
                X Large (Discontinued)
              ,
                Small (Discontinued)
              ,
                Large (Discontinued)
              ,
                2X Large (Discontinued)
              "
AKL-6371,"
                Small
              ,
                Medium
              ,
                Large
              "
AKL-6374,"
                Medium
              ,
                X Large (Discontinued)
              ,
                Small (Discontinued)
              ,
                Large (Discontinued)
              ,
                2X Large (Discontinued)
              "
AKL-6374,"
                Medium
              ,
                X Large (Discontinued)
              ,
                Small (Discontinued)
              ,
                Large (Discontinued)
              ,
                2X Large (Discontinued)
              "
AKL-6374,"
                Medium
              ,
                X Large (Discontinued)
              ,
                Small (Discontinued)
              ,
                Large (Discontinued)
              ,
                2X Large (Discontinued)
              "
BRE-6071,"
                Small
              ,
                Medium
              ,
                Large
              ,
                X Large
              ,
                2X Large
              ,
                3X Large
              ,
                4X Large
              "
AKL-6374,"
                Medium
              ,
                X Large (Discontinued)
              ,
                Small (Discontinued)
              ,
                Large (Discontinued)
              ,
                2X Large (Discontinued)
              "
BRE-6071,"
                Small
              ,
                Medium
              ,
                Large
              ,
                X Large
              ,
                2X Large
              ,
                3X Large
              ,
                4X Large
              "
BRE-6071,"
                Small
              ,
                Medium
              ,
                Large
              ,
                X Large
              ,
                2X Large
              ,
                3X Large
              ,
                4X Large
              "
BRE-6071,"
                Small
              ,
                Medium
              ,
                Large
              ,
                X Large
              ,
                2X Large
              ,
                3X Large
              ,
                4X Large
              "
BRE-6071,"
                Small
              ,
                Medium
              ,
                Large
              ,
                X Large
              ,
                2X Large
              ,
                3X Large
              ,
                4X Large
              "
BRE-6071,"
                Small
              ,
                Medium
              ,
                Large
              ,
                X Large
              ,
                2X Large
              ,
                3X Large
              ,
                4X Large
              "
BRE-6233,"
                Small
              ,
                Medium
              ,
                Large
              ,
                X Large
              ,
                2X Large
              "
BRE-6233,"
                Small
              ,
                Medium
              ,
                Large
              ,
                X Large
              ,
                2X Large
              "
BRE-6233,"
                Small
              ,
                Medium
              ,
                Large
              ,
                X Large
              ,
                2X Large
              "
BRE-6340,"
                X Small
              ,
                Small
              ,
                Medium
              ,
                Large
              ,
                X Large
              "
BRE-6340,"
                X Small
              ,
                Small
              ,
                Medium
              ,
                Large
              ,
                X Large
              "
BRE-6340,"
                X Small
              ,
                Small
              ,
                Medium
              ,
                Large
              ,
                X Large
              "
BRE-6340,"
                X Small
              ,
                Small
              ,
                Medium
              ,
                Large
              ,
                X Large
              "
BRE-6344,"
                Small
              ,
                Medium
              ,
                Large
              ,
                X Large
              "
BRE-6344,"
                Small
              ,
                Medium
              ,
                Large
              ,
                X Large
              "
BRE-6344,"
                Small
              ,
                Medium
              ,
                Large
              ,
                X Large
              "
BRE-6451,"
                Small
              ,
                Medium (Discontinued)
              ,
                Large (Discontinued)
              ,
                X Large
              ,
                2X Large
              "
BRE-6344,"
                Small
              ,
                Medium
              ,
                Large
              ,
                X Large
              "
BRE-6451,"
                Small
              ,
                Medium (Discontinued)
              ,
                Large (Discontinued)
              ,
                X Large
              ,
                2X Large
              "
BRE-6451,"
                Small
              ,
                Medium (Discontinued)
              ,
                Large (Discontinued)
              ,
                X Large
              ,
                2X Large
              "
BRE-6451,"
                Small
              ,
                Medium (Discontinued)
              ,
                Large (Discontinued)
              ,
                X Large
              ,
                2X Large
              "
BRE-6453,"
                Small
              ,
                Medium
              ,
                Large
              ,
                X Large
              ,
                2X Large
              ,
                3X Large
              ,
                4X Large (Allow 3-5 Days)
              ,
                5X Large (Allow 3-5 Days)
              "
BRE-6451,"
                Small
              ,
                Medium (Discontinued)
              ,
                Large (Discontinued)
              ,
                X Large
              ,
                2X Large
              "
BRE-6453,"
                Small
              ,
                Medium
              ,
                Large
              ,
                X Large
              ,
                2X Large
              ,
                3X Large
              ,
                4X Large (Allow 3-5 Days)
              ,
                5X Large (Allow 3-5 Days)
              "
BRE-6453,"
                Small
              ,
                Medium
              ,
                Large
              ,
                X Large
              ,
                2X Large
              ,
                3X Large
              ,
                4X Large (Allow 3-5 Days)
              ,
                5X Large (Allow 3-5 Days)
              "
BRE-6453,"
                Small
              ,
                Medium
              ,
                Large
              ,
                X Large
              ,
                2X Large
              ,
                3X Large
              ,
                4X Large (Allow 3-5 Days)
              ,
                5X Large (Allow 3-5 Days)
              "
BRE-6453,"
                Small
              ,
                Medium
              ,
                Large
              ,
                X Large
              ,
                2X Large
              ,
                3X Large
              ,
                4X Large (Allow 3-5 Days)
              ,
                5X Large (Allow 3-5 Days)
              "
BRE-6453,"
                Small
              ,
                Medium
              ,
                Large
              ,
                X Large
              ,
                2X Large
              ,
                3X Large
              ,
                4X Large (Allow 3-5 Days)
              ,
                5X Large (Allow 3-5 Days)
              "
BRE-6453,"
                Small
              ,
                Medium
              ,
                Large
              ,
                X Large
              ,
                2X Large
              ,
                3X Large
              ,
                4X Large (Allow 3-5 Days)
              ,
                5X Large (Allow 3-5 Days)
              "
BRE-6454,"
                Small
              ,
                Medium
              ,
                Large
              ,
                X Large
              ,
                2X Large
              ,
                3X Large
              ,
                4X Large (Allow 3-5 Days)
              ,
                5X Large (Allow 3-5 Days)
              "
BRE-6454,"
                Small
              ,
                Medium
              ,
                Large
              ,
                X Large
              ,
                2X Large
              ,
                3X Large
              ,
                4X Large (Allow 3-5 Days)
              ,
                5X Large (Allow 3-5 Days)
              "
BRE-6454,"
                Small
              ,
                Medium
              ,
                Large
              ,
                X Large
              ,
                2X Large
              ,
                3X Large
              ,
                4X Large (Allow 3-5 Days)
              ,
                5X Large (Allow 3-5 Days)
              "
BRE-6454,"
                Small
              ,
                Medium
              ,
                Large
              ,
                X Large
              ,
                2X Large
              ,
                3X Large
              ,
                4X Large (Allow 3-5 Days)
              ,
                5X Large (Allow 3-5 Days)
              "
BRE-6454,"
                Small
              ,
                Medium
              ,
                Large
              ,
                X Large
              ,
                2X Large
              ,
                3X Large
              ,
                4X Large (Allow 3-5 Days)
              ,
                5X Large (Allow 3-5 Days)
              "
BRE-6454,"
                Small
              ,
                Medium
              ,
                Large
              ,
                X Large
              ,
                2X Large
              ,
                3X Large
              ,
                4X Large (Allow 3-5 Days)
              ,
                5X Large (Allow 3-5 Days)
              "
BRE-6455,"
                X Small
              ,
                4X Large (Allow 3-5 Days)
              ,
                5X Large (Allow 3-5 Days)
              "
BRE-6455,"
                Small
              ,
                Medium
              ,
                Large
              ,
                X Large
              ,
                2X Large
              ,
                3X Large
              "
BRE-6455,"
                X Small
              ,
                4X Large (Allow 3-5 Days)
              ,
                5X Large (Allow 3-5 Days)
              "
BRE-6455,"
                X Small
              ,
                4X Large (Allow 3-5 Days)
              ,
                5X Large (Allow 3-5 Days)
              "
BRE-6455,"
                X Small
              ,
                4X Large (Allow 3-5 Days)
              ,
                5X Large (Allow 3-5 Days)
              "
BRE-6455,"
                X Small
              ,
                4X Large (Allow 3-5 Days)
              ,
                5X Large (Allow 3-5 Days)
              "
BRE-6455,"
                X Small
              ,
                4X Large (Allow 3-5 Days)
              ,
                5X Large (Allow 3-5 Days)
              "
BRE-6456,"
                Large/X Large
              ,
                Small/Medium
              "
BRE-6456,"
                Large/X Large
              ,
                Small/Medium
              "
BRE-6457,"
                Large/X Large
              ,
                Small/Medium (Discontinued)
              "
BRE-6458,"
                Small
              ,
                Medium (Discontinued)
              ,
                Large
              ,
                X Large
              "
BRE-6458,"
                Small
              ,
                Medium (Discontinued)
              ,
                Large
              ,
                X Large
              "
BRE-6459,"
                X Small
              ,
                Small (Discontinued)
              ,
                Medium (Discontinued)
              ,
                Large (Discontinued)
              ,
                X Large (Discontinued)
              ,
                2X Large (Discontinued)
              "
BRE-6458,"
                Small
              ,
                Medium (Discontinued)
              ,
                Large
              ,
                X Large
              "
BRE-6459,"
                X Small
              ,
                Small (Discontinued)
              ,
                Medium (Discontinued)
              ,
                Large (Discontinued)
              ,
                X Large (Discontinued)
              ,
                2X Large (Discontinued)
              "
BRE-6459,"
                X Small
              ,
                Small (Discontinued)
              ,
                Medium (Discontinued)
              ,
                Large (Discontinued)
              ,
                X Large (Discontinued)
              ,
                2X Large (Discontinued)
              "
BRE-6459,"
                X Small
              ,
                Small (Discontinued)
              ,
                Medium (Discontinued)
              ,
                Large (Discontinued)
              ,
                X Large (Discontinued)
              ,
                2X Large (Discontinued)
              "
BRE-6459,"
                X Small
              ,
                Small (Discontinued)
              ,
                Medium (Discontinued)
              ,
                Large (Discontinued)
              ,
                X Large (Discontinued)
              ,
                2X Large (Discontinued)
              "
BRE-6460,"
                Small (Discontinued)
              ,
                Medium (Discontinued)
              ,
                Large (Discontinued)
              ,
                X Large
              ,
                2X Large
              "
BRE-6460,"
                Small (Discontinued)
              ,
                Medium (Discontinued)
              ,
                Large (Discontinued)
              ,
                X Large
              ,
                2X Large
              "
BRE-6460,"
                Small (Discontinued)
              ,
                Medium (Discontinued)
              ,
                Large (Discontinued)
              ,
                X Large
              ,
                2X Large
              "
BRE-6460,"
                Small (Discontinued)
              ,
                Medium (Discontinued)
              ,
                Large (Discontinued)
              ,
                X Large
              ,
                2X Large
              "
BRE-6460,"
                Small (Discontinued)
              ,
                Medium (Discontinued)
              ,
                Large (Discontinued)
              ,
                X Large
              ,
                2X Large
              "
BRE-6520,"
                Small
              ,
                Medium
              ,
                Large
              ,
                X Large
              ,
                2X Large
              "
BRE-6520,"
                Small
              ,
                Medium
              ,
                Large
              ,
                X Large
              ,
                2X Large
              "
BRE-6520,"
                Small
              ,
                Medium
              ,
                Large
              ,
                X Large
              ,
                2X Large
              "
BRE-6520,"
                Small
              ,
                Medium
              ,
                Large
              ,
                X Large
              ,
                2X Large
              "
BRE-6520,"
                Small
              ,
                Medium
              ,
                Large
              ,
                X Large
              ,
                2X Large
              "
BRE-6853,"
                Left
              ,
                Right
              "
BRE-6853,"
                Left
              ,
                Right
              "
BRE-6853,"
                Left
              ,
                Right
              "
BRE-6855,"
                Left
              ,
                Right
              "
BRE-6853,"
                Left
              ,
                Right
              "
BRE-6855,"
                Left
              ,
                Right
              "
BRE-6855,"
                Left
              ,
                Right
              "
BRE-6855,"
                Left
              ,
                Right
              "
BRE-6855,"
                Left
              ,
                Right
              "
BRE-6855,"
                Left
              ,
                Right
              "
BRE-6855,"
                Left
              ,
                Right
              "
BRE-6855,"
                Left
              ,
                Right
              "
BRE-6855,"
                Left
              ,
                Right
              "
BRE-6856,"
                Left
              ,
                Right
              "
BRE-6856,"
                Left
              ,
                Right
              "
BRE-6856,"
                Left
              ,
                Right
              "
BRE-6856,"
                Left
              ,
                Right
              "
BRE-6856,"
                Left
              ,
                Right
              "
BRE-6856,"
                Left
              ,
                Right
              "
ELB-6505,"
                Small
              ,
                Medium
              ,
                Large
              ,
                X Large
              "
BRE-6856,"
                Left
              ,
                Right
              "
ELB-6505,"
                Small
              ,
                Medium
              ,
                Large
              ,
                X Large
              "
ELB-6505,"
                Small
              ,
                Medium
              ,
                Large
              ,
                X Large
              "
ELB-6517,"
                Small
              ,
                Medium
              ,
                Large
              ,
                X Large
              "
ELB-6517,"
                Small
              ,
                Medium
              ,
                Large
              ,
                X Large
              "
ELB-6517,"
                Small
              ,
                Medium
              ,
                Large
              ,
                X Large
              "
KNE-6401,"
                Small
              ,
                Medium
              ,
                Large
              ,
                X Large
              ,
                2X Large
              ,
                3X Large
              ,
                4X Large (Allow 3-5 Days)
              "
ELB-6517,"
                Small
              ,
                Medium
              ,
                Large
              ,
                X Large
              "
KNE-6401,"
                Small
              ,
                Medium
              ,
                Large
              ,
                X Large
              ,
                2X Large
              ,
                3X Large
              ,
                4X Large (Allow 3-5 Days)
              "
KNE-6401,"
                Small
              ,
                Medium
              ,
                Large
              ,
                X Large
              ,
                2X Large
              ,
                3X Large
              ,
                4X Large (Allow 3-5 Days)
              "
KNE-6401,"
                Small
              ,
                Medium
              ,
                Large
              ,
                X Large
              ,
                2X Large
              ,
                3X Large
              ,
                4X Large (Allow 3-5 Days)
              "
KNE-6402,"
                Small
              ,
                Medium
              ,
                Large
              ,
                X Large
              ,
                2X Large
              ,
                3X Large
              "
KNE-6402,"
                Small
              ,
                Medium
              ,
                Large
              ,
                X Large
              ,
                2X Large
              ,
                3X Large
              "
KNE-6402,"
                Small
              ,
                Medium
              ,
                Large
              ,
                X Large
              ,
                2X Large
              ,
                3X Large
              "
KNE-6407,"
                One Size Fits Most
              ,
                Large/X Large
              "
KNE-6402,"
                Small
              ,
                Medium
              ,
                Large
              ,
                X Large
              ,
                2X Large
              ,
                3X Large
              "
KNE-6407,"
                One Size Fits Most
              ,
                Large/X Large
              "
KNE-6433,"
                X Large
              ,
                Large
              ,
                Medium
              ,
                Small
              "
KNE-6432,"
                Small
              ,
                Medium
              ,
                Large
              ,
                X Large
              "
KNE-6433,"
                X Large
              ,
                Large
              ,
                Medium
              ,
                Small
              "
KNE-6433,"
                X Large
              ,
                Large
              ,
                Medium
              ,
                Small
              "
KNE-6433,"
                X Large
              ,
                Large
              ,
                Medium
              ,
                Small
              "
KNE-6434,"
                X Large
              ,
                Large
              ,
                Medium
              ,
                Small
              "
KNE-6434,"
                X Large
              ,
                Large
              ,
                Medium
              ,
                Small
              "
KNE-6434,"
                X Large
              ,
                Large
              ,
                Medium
              ,
                Small
              "
KNE-6447,"
                One Size Fits Most
              ,
                Large/X Large
              "
KNE-6434,"
                X Large
              ,
                Large
              ,
                Medium
              ,
                Small
              "
KNE-6447,"
                One Size Fits Most
              ,
                Large/X Large
              "
LSB-6072,"
                Small
              ,
                Medium
              ,
                Large
              ,
                X Large (Discontinued)
              "
UTL-1130,"
                Small (Out of Stock)
              ,
                Medium
              ,
                Large
              "
THI-6490,"
                Universal
              ,
                X Large
              "
UTL-1130,"
                Small (Out of Stock)
              ,
                Medium
              ,
                Large
              "
UTL-1130,"
                Small (Out of Stock)
              ,
                Medium
              ,
                Large
              "
UTL-1131,"
                Small
              ,
                Medium
              ,
                Large (Out Of Stock)
              "
UTL-1131,"
                Small
              ,
                Medium
              ,
                Large (Out Of Stock)
              "
UTL-1132,"
                Small
              ,
                Medium
              ,
                Large
              ,
                X Large
              "
UTL-1132,"
                Small
              ,
                Medium
              ,
                Large
              ,
                X Large
              "
UTL-1132,"
                Small
              ,
                Medium
              ,
                Large
              ,
                X Large
              "
WST-6800,"
                Left
              ,
                Right
              "
UTL-1132,"
                Small
              ,
                Medium
              ,
                Large
              ,
                X Large
              "
WST-6800,"
                Left
              ,
                Right
              "
WST-6800,"
                Left
              ,
                Right
              "
WST-6800,"
                Left
              ,
                Right
              "
WST-6800,"
                Left
              ,
                Right
              "
WST-6800,"
                Left
              ,
                Right
              "
WST-6800,"
                Left
              ,
                Right
              "
WST-6833,"
                Left
              ,
                Right
              "
WST-6800,"
                Left
              ,
                Right
              "
WST-6833,"
                Left
              ,
                Right
              "
WST-6833,"
                Left
              ,
                Right
              "
WST-6833,"
                Left
              ,
                Right
              "
WST-6833,"
                Left
              ,
                Right
              "
WST-6838,"
                X Small
              ,
                Small
              ,
                Medium
              ,
                Large
              ,
                X Large
              ,
                2X Large
              "
WST-6838,"
                X Small
              ,
                Small
              ,
                Medium
              ,
                Large
              ,
                X Large
              ,
                2X Large
              "
WST-6838,"
                X Small
              ,
                Small
              ,
                Medium
              ,
                Large
              ,
                X Large
              ,
                2X Large
              "
WST-6838,"
                X Small
              ,
                Small
              ,
                Medium
              ,
                Large
              ,
                X Large
              ,
                2X Large
              "
WST-6838,"
                X Small
              ,
                Small
              ,
                Medium
              ,
                Large
              ,
                X Large
              ,
                2X Large
              "
WST-6839,"
                Right
              ,
                Left
              "
WST-6838,"
                X Small
              ,
                Small
              ,
                Medium
              ,
                Large
              ,
                X Large
              ,
                2X Large
              "
WST-6839,"
                Right
              ,
                Left
              "
WST-6839,"
                Right
              ,
                Left
              "
WST-6839,"
                Right
              ,
                Left
              "
WST-6839,"
                Right
              ,
                Left
              "
WST-6839,"
                Right
              ,
                Left
              "
WST-6839,"
                Right
              ,
                Left
              "
WST-6839,"
                Right
              ,
                Left
              "
WST-6839,"
                Right
              ,
                Left
              "
WST-6880,"
                X Large
              ,
                Large
              ,
                Medium
              ,
                Small
              "
WST-6880,"
                X Large
              ,
                Large
              ,
                Medium
              ,
                Small
              "
WST-6880,"
                X Large
              ,
                Large
              ,
                Medium
              ,
                Small
              "
WST-6894,"
                Left
              ,
                Right
              "
WST-6880,"
                X Large
              ,
                Large
              ,
                Medium
              ,
                Small
              "
FOM-130-1XL,"
                Petite
              ,
                Average
              ,
                Large
              ,
                X Large
              ,
                Child (DISCONTINUED)
              "
FOM-130-LRG,"
                Petite
              ,
                Average
              ,
                Large
              ,
                X Large
              ,
                Child (DISCONTINUED)
              "
FOM-130-AVG,"
                Petite
              ,
                Average
              ,
                Large
              ,
                X Large
              ,
                Child (DISCONTINUED)
              "
FOM-130-PET,"
                Petite
              ,
                Average
              ,
                Large
              ,
                X Large
              ,
                Child (DISCONTINUED)
              "
FOM-133-LRG,"
                Petite
              ,
                Average
              ,
                Large
              ,
                X Large
              ,
                Child (DISCONTINUED)
              "
FOM-133-AVG,"
                Petite
              ,
                Average
              ,
                Large
              ,
                X Large
              ,
                Child (DISCONTINUED)
              "
FOM-131-AVG,"
                Petite
              ,
                Average
              ,
                Large (DISCONTINUED)
              "
FOM-133-PET,"
                Petite
              ,
                Average
              ,
                Large
              ,
                X Large
              ,
                Child (DISCONTINUED)
              "
FOM-131-PET,"
                Petite
              ,
                Average
              ,
                Large (DISCONTINUED)
              "
ACC-566*,"
                Medium 6x10 inches
              ,
                Large 10x13 inches
              ,
                XLarge 12.5x18.5 inches
              ,
                Cervical 6x20 inches
              ,
                Trisectional 11x15
              "
ACC-565*,"
                Medium 6x10 inches
              ,
                Large 10x13 inches
              ,
                XLarge 12.5x18.5 inches
              ,
                Cervical 6x20 inches
              ,
                Trisectional 11x15
              "
ACC-567*,"
                Medium 6x10 inches
              ,
                Large 10x13 inches
              ,
                XLarge 12.5x18.5 inches
              ,
                Cervical 6x20 inches
              ,
                Trisectional 11x15
              "
ACC-582-BK*,"
                2.5 x 18 in
              ,
                2.5 x 48 in
              ,
                4 x 48 in
              ,
                6 x 84 in (Discontinued)
              "
ACC-568*,"
                Medium 6x10 inches
              ,
                Large 10x13 inches
              ,
                XLarge 12.5x18.5 inches
              ,
                Cervical 6x20 inches
              ,
                Trisectional 11x15
              "
PRO-930*,"
                Blue (Discontinued)
              ,
                Gray
              "
LSB-6064-2XL,"
                Small
              ,
                Medium
              ,
                Large
              ,
                X Large
              ,
                2X Large
              ,
                3X Large
              "
LSB-6062-3XL,"
                Small
              ,
                Medium
              ,
                Large
              ,
                X Large
              ,
                2X Large
              ,
                3X Large
              ,
                4X Large (Allow 5-7 Days)
              "
LSB-6065-2XL,"
                Small
              ,
                Medium
              ,
                Large
              ,
                X Large
              ,
                2X Large
              ,
                3X Large
              "
LSB-6064-3XL,"
                Small
              ,
                Medium
              ,
                Large
              ,
                X Large
              ,
                2X Large
              ,
                3X Large
              "
LSB-6065-3XL,"
                Small
              ,
                Medium
              ,
                Large
              ,
                X Large
              ,
                2X Large
              ,
                3X Large
              "
LSB-7000-2XL,"
                X Small
              ,
                Small
              ,
                Medium/Large
              ,
                X Large
              ,
                2X Large
              ,
                3X Large
              ,
                4X Large (Allow 5-7 Days)
              "
LSB-6090-2XL,"
                Small
              ,
                Medium
              ,
                Large
              ,
                X Large
              ,
                2X Large
              "
PRO-953-2XL,"
                Small
              ,
                Medium
              ,
                Large
              ,
                X Large
              ,
                2X Large
              ,
                3X Large
              ,
                4X Large (Allow 3-5 Days)
              "
LSB-7000-3XL,"
                X Small
              ,
                Small
              ,
                Medium/Large
              ,
                X Large
              ,
                2X Large
              ,
                3X Large
              ,
                4X Large (Allow 5-7 Days)
              "
PRO-953-3XL,"
                Small
              ,
                Medium
              ,
                Large
              ,
                X Large
              ,
                2X Large
              ,
                3X Large
              ,
                4X Large (Allow 3-5 Days)
              "
SIB-6031-2XL,"
                Small
              ,
                Medium
              ,
                Large
              ,
                X Large
              ,
                2X Large
              ,
                3X Large
              ,
                4X Large (Allow 3-5 Days)
              "
SIB-6024-2XL,"
                Small
              ,
                Medium
              ,
                Large
              ,
                X Large
              ,
                2X Large
              ,
                4X Large
              "
SUB-6701-3XL,"
                Small
              ,
                Medium
              ,
                Large
              ,
                X Large
              ,
                2X Large
              ,
                3X Large
              "
KNE-6401-3XL,"
                Small
              ,
                Medium
              ,
                Large
              ,
                X Large
              ,
                2X Large
              ,
                3X Large
              ,
                4X Large (Allow 3-5 Days)
              "
KNE-6401-2XL,"
                Small
              ,
                Medium
              ,
                Large
              ,
                X Large
              ,
                2X Large
              ,
                3X Large
              ,
                4X Large (Allow 3-5 Days)
              "
LSB-7300-BK-2XL,"
                Small (Out of Stock)
              ,
                Medium/Large (Out of Stock)
              ,
                X Large (Out of Stock)
              ,
                2X Large (Out of Stock)
              ,
                3X Large (Out of Stock)
              ,
                4X Large
              "
KNE-6402-3XL,"
                Small
              ,
                Medium
              ,
                Large
              ,
                X Large
              ,
                2X Large
              ,
                3X Large
              "
LSB-7300-BK-3XL,"
                Small (Out of Stock)
              ,
                Medium/Large (Out of Stock)
              ,
                X Large (Out of Stock)
              ,
                2X Large (Out of Stock)
              ,
                3X Large (Out of Stock)
              ,
                4X Large
              "
KNE-6402-2XL,"
                Small
              ,
                Medium
              ,
                Large
              ,
                X Large
              ,
                2X Large
              ,
                3X Large
              "
SUB-6701-2XL,"
                Small
              ,
                Medium
              ,
                Large
              ,
                X Large
              ,
                2X Large
              ,
                3X Large
              "
SIB-6031-3XL,"
                Small
              ,
                Medium
              ,
                Large
              ,
                X Large
              ,
                2X Large
              ,
                3X Large
              ,
                4X Large (Allow 3-5 Days)
              "
PRO-956-2XL,"
                X Small
              ,
                Small
              ,
                Medium
              ,
                Large
              ,
                X Large
              ,
                2X Large
              ,
                3X Large
              "
PRO-953-4XL,"
                Small
              ,
                Medium
              ,
                Large
              ,
                X Large
              ,
                2X Large
              ,
                3X Large
              ,
                4X Large (Allow 3-5 Days)
              "
LSB-6062-2XL,"
                Small
              ,
                Medium
              ,
                Large
              ,
                X Large
              ,
                2X Large
              ,
                3X Large
              ,
                4X Large (Allow 5-7 Days)
              "
LSB-6060-3XL,"
                Small
              ,
                Medium
              ,
                Large
              ,
                X Large
              ,
                2X Large
              ,
                3X Large
              ,
                4X Large (Allow 5-7 Days)
              "
LSB-6060-2XL,"
                Small
              ,
                Medium
              ,
                Large
              ,
                X Large
              ,
                2X Large
              ,
                3X Large
              ,
                4X Large (Allow 5-7 Days)
              "
